0,1,2,3,No-step
0.25690531811136014,0.7430946818886397,21.0,11.0,1_11_1
0.2700236904781548,0.7299763095218453,21.0,11.0,8_11_0
0.25902497900494337,0.7409750209950565,21.0,11.0,9_11_1
0.21094356241741066,0.7890564375825891,21.0,11.0,14_11_0
0.2515262043650682,0.7484737956349317,21.0,11.0,23_11_0
0.38795213008061263,0.6120478699193874,21.0,11.0,35_11_1
0.2665920218958378,0.7334079781041621,21.0,11.0,46_11_1
0.2546519993142957,0.7453480006857044,21.0,11.0,72_11_0
0.517218046064041,0.482781953935959,11.0,11.0,78_11_0
0.4193300370546129,0.5806699629453872,21.0,11.0,81_11_0
0.2378005156489465,0.7621994843510536,21.0,21.0,1_21_6
0.2547467384361376,0.7452532615638623,21.0,21.0,5_21_6
0.29369699241554426,0.7063030075844556,21.0,21.0,6_21_1
0.308961529951003,0.6910384700489968,21.0,21.0,7_21_1
0.21144165770606602,0.7885583422939338,21.0,21.0,9_21_5
0.3699403985283004,0.6300596014716995,21.0,21.0,16_21_1
0.30751291449947854,0.6924870855005215,21.0,21.0,17_21_3
0.33042333419562014,0.6695766658043798,21.0,21.0,19_21_1
0.24677182245409576,0.7532281775459043,21.0,21.0,21_21_2
0.2539893594194218,0.7460106405805783,21.0,21.0,21_21_3
0.24957749521223108,0.7504225047877688,21.0,21.0,22_21_0
0.2595489266223903,0.7404510733776097,21.0,21.0,23_21_1
0.24406838034560233,0.7559316196543978,21.0,21.0,23_21_2
0.26360485796543126,0.7363951420345688,21.0,21.0,23_21_7
0.25616344877275404,0.743836551227246,21.0,21.0,31_21_3
0.2585093966026745,0.7414906033973254,21.0,21.0,34_21_1
0.25575054147774806,0.7442494585222518,21.0,21.0,34_21_4
0.2772000870107152,0.7227999129892849,21.0,21.0,34_21_5
0.3389509950611105,0.6610490049388894,21.0,21.0,35_21_0
0.23485511612750953,0.7651448838724901,21.0,21.0,39_21_1
0.295969173297175,0.7040308267028249,21.0,21.0,40_21_0
0.3457429027707692,0.6542570972292305,21.0,21.0,45_21_0
0.3208013798003913,0.6791986201996085,21.0,21.0,47_21_1
0.37569991111052886,0.6243000888894712,21.0,21.0,47_21_3
0.2993329028433026,0.7006670971566975,21.0,21.0,48_21_3
0.24384000333616415,0.7561599966638358,21.0,21.0,53_21_2
0.23744566834039263,0.7625543316596075,21.0,21.0,54_21_2
0.2582278770322163,0.7417721229677836,21.0,21.0,55_21_2
0.27752144181593136,0.7224785581840687,21.0,21.0,56_21_6
0.28811056713414807,0.711889432865852,21.0,21.0,57_21_4
0.3546561578512137,0.6453438421487864,21.0,21.0,61_21_2
0.3402043484152103,0.6597956515847897,21.0,21.0,62_21_0
0.29341496277136675,0.7065850372286332,21.0,21.0,64_21_1
0.2536937166491812,0.7463062833508187,21.0,21.0,73_21_1
0.46247621897824415,0.5375237810217559,21.0,21.0,78_21_0
0.2636612520076728,0.7363387479923271,21.0,21.0,80_21_2
0.2749862450853682,0.7250137549146319,21.0,11.0,6_11_0
0.23694626175184316,0.7630537382481567,21.0,11.0,12_11_0
0.2894028569820094,0.7105971430179907,21.0,11.0,33_11_1
0.2669609627915445,0.7330390372084553,21.0,11.0,36_11_1
0.2657412813791689,0.7342587186208309,21.0,11.0,37_11_1
0.3859761070816923,0.6140238929183076,21.0,11.0,38_11_0
0.2579710066961875,0.7420289933038124,21.0,11.0,41_11_0
0.39027615207025024,0.6097238479297498,21.0,11.0,45_11_0
0.2648588426268219,0.7351411573731783,21.0,11.0,49_11_0
0.2451659454792222,0.7548340545207777,21.0,11.0,57_11_1
0.41853140556117496,0.5814685944388251,21.0,11.0,61_11_0
0.30100907623269535,0.6989909237673048,21.0,11.0,62_11_0
0.3201150338467579,0.679884966153242,21.0,11.0,63_11_0
0.25940381109556027,0.7405961889044398,21.0,11.0,67_11_0
0.251127539602104,0.7488724603978959,21.0,21.0,2_21_0
0.25793563474474784,0.742064365255252,21.0,21.0,3_21_4
0.3042279858076967,0.6957720141923032,21.0,21.0,4_21_0
0.26331815104683814,0.736681848953162,21.0,21.0,4_21_2
0.2705502745374917,0.7294497254625083,21.0,21.0,5_21_3
0.2671822532328058,0.7328177467671941,21.0,21.0,5_21_7
0.27988295683547704,0.7201170431645229,21.0,21.0,8_21_2
0.2658351432058783,0.7341648567941217,21.0,21.0,8_21_3
0.25204943285900266,0.7479505671409974,21.0,21.0,9_21_1
0.2581371436185028,0.7418628563814971,21.0,21.0,12_21_1
0.24654648342600868,0.7534535165739914,21.0,21.0,13_21_1
0.2635485095675745,0.7364514904324256,21.0,21.0,13_21_3
0.25477536046487775,0.7452246395351221,21.0,21.0,24_21_3
0.26122634311088677,0.7387736568891131,21.0,21.0,30_21_0
0.2649612960766474,0.7350387039233526,21.0,21.0,36_21_1
0.2874345126751687,0.7125654873248314,21.0,21.0,52_21_0
0.24462244579921555,0.7553775542007846,21.0,21.0,52_21_3
0.24100965521574186,0.7589903447842581,21.0,21.0,55_21_0
0.2813465534368906,0.7186534465631093,21.0,21.0,55_21_3
0.2655309015744213,0.7344690984255787,21.0,21.0,56_21_5
0.24091797538169818,0.759082024618302,21.0,21.0,57_21_3
0.28250460221363866,0.7174953977863611,21.0,21.0,58_21_0
0.26026731288086996,0.7397326871191299,21.0,21.0,64_21_0
0.2736279778513658,0.7263720221486342,21.0,21.0,66_21_2
0.25891813828458554,0.7410818617154146,21.0,21.0,69_21_2
0.25292677202738484,0.7470732279726151,21.0,21.0,69_21_3
0.2555694149417134,0.7444305850582866,21.0,21.0,75_21_0
0.25792901471477275,0.7420709852852274,21.0,21.0,79_21_2
0.2595161194297115,0.7404838805702887,21.0,21.0,79_21_5
0.24180678356632668,0.7581932164336733,21.0,21.0,80_21_5
0.25541444097105975,0.7445855590289402,21.0,21.0,81_21_2
0.4357168851047677,0.5642831148952324,21.0,11.0,5_11_0
0.24470576118025505,0.7552942388197451,21.0,11.0,5_11_1
0.2481482598039043,0.7518517401960956,21.0,11.0,6_11_1
0.34710028250709773,0.6528997174929023,21.0,11.0,7_11_0
0.24778332614876136,0.7522166738512385,21.0,11.0,11_11_1
0.5114026676308455,0.4885973323691546,21.0,11.0,13_11_3
0.31003370154571575,0.6899662984542844,21.0,11.0,15_11_0
0.24830392422769568,0.751696075772304,21.0,11.0,17_11_1
0.2365574667818613,0.7634425332181385,21.0,11.0,31_11_0
0.2458647461340316,0.7541352538659685,21.0,11.0,34_11_1
0.2646515755420613,0.7353484244579386,21.0,11.0,36_11_0
0.3108028886706095,0.6891971113293907,21.0,11.0,40_11_1
0.28257730476930853,0.7174226952306912,21.0,11.0,43_11_1
0.4039288153489535,0.5960711846510465,21.0,11.0,45_11_3
0.3947855279591826,0.6052144720408174,21.0,11.0,46_11_0
0.1983996259058946,0.8016003740941055,21.0,11.0,53_11_0
0.23693464505130274,0.7630653549486972,21.0,11.0,79_11_1
0.23509683312085983,0.76490316687914,21.0,21.0,1_21_4
0.25808407469107736,0.7419159253089227,21.0,21.0,5_21_2
0.25734302680408727,0.7426569731959127,21.0,21.0,5_21_4
0.2422138879301537,0.7577861120698463,21.0,21.0,6_21_0
0.24104756254839418,0.7589524374516058,21.0,21.0,11_21_6
0.2681309203308321,0.7318690796691679,21.0,21.0,17_21_1
0.23812064110586115,0.7618793588941387,21.0,21.0,21_21_4
0.2320274752563623,0.7679725247436379,21.0,21.0,23_21_4
0.23331930058390318,0.7666806994160968,21.0,21.0,28_21_2
0.24136875748262512,0.7586312425173747,21.0,21.0,31_21_0
0.24487837730976,0.7551216226902402,21.0,21.0,31_21_1
0.2484217885596908,0.751578211440309,21.0,21.0,31_21_4
0.26012255764045933,0.7398774423595406,21.0,21.0,38_21_0
0.2696747725949307,0.7303252274050693,21.0,21.0,46_21_1
0.44668300154466384,0.5533169984553363,21.0,21.0,49_21_0
0.2395380260853891,0.760461973914611,21.0,21.0,49_21_3
0.25696725616528,0.7430327438347198,21.0,21.0,49_21_4
0.24971017120136693,0.750289828798633,21.0,21.0,53_21_0
0.24967014391931197,0.7503298560806883,21.0,21.0,60_21_1
0.32642592181375746,0.6735740781862424,21.0,21.0,61_21_4
0.48834200162210994,0.5116579983778902,21.0,21.0,62_21_3
0.25733459687898774,0.7426654031210126,21.0,21.0,63_21_1
0.24779117513657067,0.7522088248634295,21.0,21.0,63_21_2
0.25624972962495984,0.7437502703750402,21.0,21.0,67_21_2
0.24592895856386254,0.7540710414361375,21.0,21.0,67_21_4
0.25046501614039934,0.7495349838596007,21.0,21.0,73_21_4
0.3238453140542936,0.6761546859457064,21.0,21.0,78_21_3
0.25385851434476364,0.7461414856552362,21.0,21.0,80_21_4
0.3821465303706621,0.6178534696293378,21.0,11.0,13_11_0
0.5829114795832625,0.4170885204167375,11.0,11.0,13_11_1
0.24933427805410077,0.7506657219458992,21.0,11.0,19_11_1
0.45228859322405573,0.5477114067759441,21.0,11.0,40_11_0
0.2538320949006941,0.746167905099306,21.0,11.0,41_11_1
0.24925652723351607,0.7507434727664838,21.0,11.0,57_11_0
0.2762910004112669,0.7237089995887331,21.0,11.0,58_11_0
0.2569321863131289,0.7430678136868712,21.0,11.0,58_11_1
0.2594339403557707,0.7405660596442294,21.0,11.0,62_11_1
0.42532435612709396,0.5746756438729062,21.0,11.0,63_11_1
0.25773901750683365,0.7422609824931665,21.0,11.0,66_11_0
0.2614166630293177,0.7385833369706826,21.0,11.0,72_11_1
0.26236775065863865,0.7376322493413614,21.0,21.0,3_21_3
0.27090850660580984,0.7290914933941904,21.0,21.0,4_21_3
0.24088753014136952,0.7591124698586303,21.0,21.0,4_21_4
0.44077056669954645,0.5592294333004535,21.0,21.0,4_21_8
0.2766504897955177,0.7233495102044822,21.0,21.0,12_21_4
0.25738785090283,0.74261214909717,21.0,21.0,14_21_2
0.33358677750029936,0.6664132224997007,21.0,21.0,16_21_4
0.26669476501440365,0.7333052349855964,21.0,21.0,22_21_1
0.266287403683298,0.7337125963167019,21.0,21.0,24_21_0
0.21567128389676207,0.7843287161032381,21.0,21.0,24_21_1
0.23186314300675215,0.7681368569932479,21.0,21.0,24_21_2
0.26196585110335446,0.7380341488966454,21.0,21.0,32_21_5
0.31835168008054515,0.681648319919455,21.0,21.0,33_21_0
0.25225277946288976,0.7477472205371103,21.0,21.0,35_21_2
0.34994219672910143,0.6500578032708986,21.0,21.0,35_21_4
0.25656346405693764,0.7434365359430625,21.0,21.0,36_21_2
0.2502762461794906,0.7497237538205094,21.0,21.0,37_21_1
0.2783084210364517,0.7216915789635482,21.0,21.0,43_21_1
0.24156648813651121,0.7584335118634887,21.0,21.0,43_21_5
0.2501273178539129,0.7498726821460873,21.0,21.0,44_21_5
0.30606125281494323,0.6939387471850568,21.0,21.0,45_21_1
0.2552941602925547,0.7447058397074454,21.0,21.0,49_21_2
0.25758889603007257,0.7424111039699272,21.0,21.0,49_21_5
0.2872681822471775,0.7127318177528228,21.0,21.0,51_21_0
0.29924630628463705,0.7007536937153631,21.0,21.0,55_21_1
0.23945650705292543,0.7605434929470745,21.0,21.0,56_21_2
0.35505321764937453,0.6449467823506255,21.0,21.0,62_21_2
0.6450345906274987,0.3549654093725013,11.0,21.0,63_21_0
0.34468616319741363,0.6553138368025864,21.0,21.0,65_21_3
0.3207099615813234,0.6792900384186764,21.0,21.0,67_21_0
0.22304493077064583,0.776955069229354,21.0,21.0,67_21_3
0.24858905750439012,0.7514109424956099,21.0,21.0,79_21_0
0.27538653444054617,0.724613465559454,21.0,21.0,79_21_6
0.40256856707204086,0.5974314329279591,21.0,11.0,21_11_0
0.25040339632141334,0.7495966036785866,21.0,11.0,21_11_1
0.26998151700448664,0.7300184829955133,21.0,11.0,30_11_1
0.2714491330562454,0.7285508669437546,21.0,11.0,32_11_0
0.26734100853684745,0.7326589914631526,21.0,11.0,39_11_0
0.3432262817320613,0.656773718267939,21.0,11.0,45_11_2
0.29478506584013436,0.7052149341598658,21.0,11.0,55_11_0
0.2898740596223181,0.710125940377682,21.0,11.0,61_11_1
0.2869321254140251,0.713067874585975,21.0,11.0,67_11_1
0.2917453666318046,0.7082546333681956,21.0,11.0,70_11_1
0.26162630194565684,0.7383736980543433,21.0,11.0,75_11_0
0.27668313925092436,0.7233168607490758,21.0,11.0,78_11_2
0.354158892386785,0.6458411076132149,21.0,11.0,82_11_0
0.26998663250529087,0.7300133674947089,21.0,21.0,1_21_5
0.2715694812924243,0.7284305187075756,21.0,21.0,2_21_1
0.2536827908241602,0.7463172091758399,21.0,21.0,3_21_0
0.30987142131986994,0.6901285786801301,21.0,21.0,6_21_3
0.2509068371481774,0.7490931628518227,21.0,21.0,7_21_4
0.3065557407776108,0.6934442592223892,21.0,21.0,8_21_0
0.26584451465390674,0.7341554853460931,21.0,21.0,8_21_5
0.24582187268975864,0.7541781273102413,21.0,21.0,9_21_2
0.258896324954756,0.7411036750452441,21.0,21.0,12_21_3
0.244639789653268,0.7553602103467321,21.0,21.0,14_21_0
0.2657038647818584,0.7342961352181416,21.0,21.0,14_21_1
0.4853040602090583,0.5146959397909415,11.0,21.0,21_21_1
0.2634291309918635,0.7365708690081365,21.0,21.0,23_21_0
0.2822059072367737,0.7177940927632264,21.0,21.0,28_21_3
0.27369965921763656,0.7263003407823633,21.0,21.0,31_21_6
0.3001195438351141,0.6998804561648856,21.0,21.0,33_21_1
0.25006963510804836,0.7499303648919516,21.0,21.0,38_21_2
0.24323253524194902,0.7567674647580511,21.0,21.0,40_21_2
0.2205377674871246,0.7794622325128754,21.0,21.0,43_21_0
0.4575003153866916,0.5424996846133084,11.0,21.0,43_21_2
0.23911314796186695,0.7608868520381333,21.0,21.0,43_21_3
0.2713883884470655,0.7286116115529343,21.0,21.0,51_21_3
0.2530493886759395,0.7469506113240604,21.0,21.0,53_21_1
0.2614899375281705,0.7385100624718295,21.0,21.0,57_21_2
0.2734355765410924,0.7265644234589077,21.0,21.0,58_21_2
0.2916771453613025,0.7083228546386973,21.0,21.0,60_21_2
0.3704769357607904,0.6295230642392096,21.0,21.0,62_21_1
0.3842682446334102,0.6157317553665898,21.0,21.0,62_21_4
0.29127254894193205,0.7087274510580679,21.0,21.0,78_21_1
0.2826838069096583,0.7173161930903414,21.0,21.0,78_21_4
0.28464558352033636,0.7153544164796638,21.0,21.0,78_21_6
0.25593958247450926,0.7440604175254907,21.0,21.0,80_21_0
0.2629751742215298,0.7370248257784701,21.0,11.0,2_11_0
0.23811654685829012,0.7618834531417099,21.0,11.0,16_11_0
0.4628959196391221,0.5371040803608779,11.0,11.0,18_11_0
0.32498771206674226,0.6750122879332576,21.0,11.0,19_11_0
0.3135474747390394,0.6864525252609608,21.0,11.0,22_11_0
0.29958213334604694,0.7004178666539529,21.0,11.0,28_11_1
0.2695199304395081,0.7304800695604919,21.0,11.0,34_11_0
0.3133437557953192,0.6866562442046805,21.0,11.0,43_11_0
0.2801646960907666,0.7198353039092334,21.0,11.0,52_11_0
0.2770273044955994,0.7229726955044004,21.0,11.0,64_11_0
0.3779216426300175,0.6220783573699825,21.0,11.0,70_11_0
0.2980326142122,0.7019673857877998,21.0,21.0,1_21_1
0.23467815050691507,0.7653218494930847,21.0,21.0,3_21_1
0.2771097531173439,0.7228902468826561,21.0,21.0,5_21_5
0.2694770627801033,0.7305229372198967,21.0,21.0,7_21_3
0.2516322657747453,0.7483677342252546,21.0,21.0,11_21_1
0.2738817068834006,0.7261182931165996,21.0,21.0,12_21_2
0.2749378908235222,0.7250621091764777,21.0,21.0,16_21_0
0.2719129801994786,0.7280870198005214,21.0,21.0,19_21_0
0.2996370565192519,0.7003629434807482,21.0,21.0,19_21_2
0.2992902610214999,0.7007097389785001,21.0,21.0,19_21_3
0.32888836620332307,0.6711116337966772,21.0,21.0,19_21_4
0.5246111496196304,0.4753888503803694,11.0,21.0,21_21_0
0.2607497237887864,0.7392502762112134,21.0,21.0,21_21_6
0.2645655953337629,0.7354344046662371,21.0,21.0,23_21_3
0.26153053223305256,0.7384694677669473,21.0,21.0,23_21_5
0.29168445042118935,0.7083155495788106,21.0,21.0,23_21_6
0.28136057677414034,0.7186394232258595,21.0,21.0,31_21_5
0.23999195999252051,0.7600080400074795,21.0,21.0,32_21_3
0.259376496133648,0.740623503866352,21.0,21.0,43_21_4
0.4221043939714647,0.5778956060285353,21.0,21.0,44_21_4
0.2279301195157012,0.7720698804842987,21.0,21.0,45_21_2
0.2580629370996265,0.7419370629003735,21.0,21.0,45_21_3
0.2640416094008957,0.7359583905991043,21.0,21.0,46_21_3
0.2829099639299453,0.717090036070055,21.0,21.0,46_21_4
0.2516346563141649,0.7483653436858353,21.0,21.0,49_21_1
0.2589643687559926,0.7410356312440072,21.0,21.0,54_21_0
0.25923555846193225,0.7407644415380676,21.0,21.0,57_21_1
0.261385115565135,0.7386148844348651,21.0,21.0,58_21_1
0.2675711207440344,0.7324288792559652,21.0,21.0,60_21_0
0.2812344425450157,0.7187655574549843,21.0,21.0,65_21_1
0.29227003321771805,0.7077299667822816,21.0,21.0,66_21_0
0.2743917933362629,0.725608206663737,21.0,21.0,67_21_1
0.25980662977202457,0.7401933702279754,21.0,21.0,75_21_2
0.2618912647183373,0.7381087352816629,21.0,21.0,79_21_7
0.40353735224368303,0.5964626477563169,21.0,11.0,2_11_1
0.28846689896166033,0.7115331010383399,21.0,11.0,11_11_0
0.28479765603636803,0.7152023439636319,21.0,11.0,12_11_1
0.3116688035964833,0.6883311964035167,21.0,11.0,13_11_2
0.31437525586792886,0.6856247441320711,21.0,11.0,47_11_0
0.3167874389138389,0.6832125610861611,21.0,11.0,52_11_1
0.29449216789126087,0.7055078321087391,21.0,11.0,54_11_0
0.29501921791378216,0.7049807820862178,21.0,11.0,69_11_0
0.27061833102352023,0.7293816689764799,21.0,11.0,69_11_1
0.2945443923450023,0.7054556076549976,21.0,11.0,81_11_1
0.26571857452186587,0.7342814254781341,21.0,21.0,3_21_2
0.2934585421062691,0.706541457893731,21.0,21.0,4_21_7
0.28262427093424636,0.7173757290657536,21.0,21.0,5_21_1
0.2651663460036968,0.7348336539963031,21.0,21.0,6_21_2
0.2702853228381498,0.7297146771618503,21.0,21.0,11_21_2
0.27404674867400364,0.7259532513259964,21.0,21.0,11_21_4
0.26476206495129345,0.7352379350487067,21.0,21.0,22_21_2
0.26464619693936753,0.7353538030606322,21.0,21.0,22_21_4
0.30257177665756846,0.6974282233424316,21.0,21.0,23_21_8
0.26838723046345353,0.7316127695365466,21.0,21.0,30_21_1
0.27077319197397215,0.7292268080260277,21.0,21.0,32_21_4
0.25411731162757173,0.7458826883724281,21.0,21.0,34_21_2
0.30222168813342376,0.6977783118665766,21.0,21.0,35_21_1
0.28211868659271355,0.7178813134072866,21.0,21.0,36_21_0
0.2542605270110043,0.7457394729889956,21.0,21.0,37_21_0
0.27364182549622684,0.7263581745037734,21.0,21.0,37_21_3
0.2624332492647862,0.7375667507352137,21.0,21.0,39_21_2
0.2886674690704173,0.7113325309295828,21.0,21.0,40_21_1
0.26969242421719364,0.7303075757828064,21.0,21.0,44_21_2
0.26545333796245196,0.7345466620375481,21.0,21.0,44_21_3
0.3418334370661565,0.6581665629338435,21.0,21.0,46_21_2
0.28755233469249186,0.712447665307508,21.0,21.0,47_21_0
0.40507212167209394,0.594927878327906,21.0,21.0,48_21_2
0.2517562260676225,0.7482437739323775,21.0,21.0,53_21_3
0.2870508460447849,0.7129491539552153,21.0,21.0,54_21_1
0.29027512991134086,0.7097248700886593,21.0,21.0,56_21_0
0.3376660235282842,0.6623339764717159,21.0,21.0,57_21_0
0.2625447912928083,0.7374552087071915,21.0,21.0,58_21_4
0.27966043492992776,0.7203395650700724,21.0,21.0,64_21_3
0.25914521884933917,0.7408547811506608,21.0,21.0,69_21_1
0.2730035582919261,0.726996441708074,21.0,21.0,73_21_2
0.2706358775648486,0.7293641224351515,21.0,21.0,75_21_1
0.2549529690257648,0.7450470309742352,21.0,21.0,78_21_2
0.2665091944258326,0.7334908055741675,21.0,21.0,80_21_3
0.28774799268060636,0.7122520073193936,21.0,21.0,81_21_0
0.2857376136241593,0.7142623863758408,21.0,11.0,1_11_0
0.26403338014569594,0.7359666198543041,21.0,11.0,9_11_0
0.2998456919154388,0.700154308084561,21.0,11.0,15_11_1
0.23353872585332672,0.7664612741466732,21.0,11.0,22_11_1
0.26185443289477095,0.738145567105229,21.0,11.0,29_11_0
0.27549408457524727,0.7245059154247528,21.0,11.0,30_11_0
0.2583800725752877,0.7416199274247123,21.0,11.0,33_11_0
0.2512422277485027,0.7487577722514973,21.0,11.0,33_11_2
0.3479314348459911,0.6520685651540089,21.0,11.0,37_11_0
0.23672737219874732,0.7632726278012526,21.0,11.0,39_11_1
0.2577822414340679,0.7422177585659323,21.0,11.0,44_11_0
0.23729286015793688,0.762707139842063,21.0,11.0,55_11_1
0.2524053745105151,0.747594625489485,21.0,11.0,60_11_0
0.23055846748494574,0.7694415325150543,21.0,11.0,60_11_1
0.3892210933974401,0.61077890660256,21.0,11.0,61_11_2
0.2726344548659095,0.7273655451340906,21.0,11.0,80_11_0
0.21849232125472878,0.7815076787452714,21.0,21.0,1_21_2
0.24966201986717276,0.750337980132827,21.0,21.0,4_21_1
0.22564788542387265,0.7743521145761272,21.0,21.0,4_21_6
0.26622145113436946,0.7337785488656307,21.0,21.0,8_21_1
0.27391417026615406,0.7260858297338458,21.0,21.0,9_21_4
0.25076467037089273,0.7492353296291073,21.0,21.0,12_21_0
0.25754809737691514,0.7424519026230849,21.0,21.0,15_21_0
0.2402740045631002,0.7597259954368998,21.0,21.0,17_21_0
0.2478464130137923,0.7521535869862077,21.0,21.0,17_21_2
0.3700515565255223,0.6299484434744776,21.0,21.0,21_21_5
0.2282837635728341,0.7717162364271659,21.0,21.0,22_21_3
0.2602968281332438,0.7397031718667563,21.0,21.0,32_21_0
0.249871191567718,0.7501288084322818,21.0,21.0,32_21_2
0.25215016368295196,0.7478498363170483,21.0,21.0,33_21_3
0.2582237883923931,0.7417762116076071,21.0,21.0,34_21_3
0.24801177925008683,0.7519882207499131,21.0,21.0,35_21_5
0.24444638992215686,0.7555536100778433,21.0,21.0,44_21_0
0.22452596839370972,0.7754740316062901,21.0,21.0,44_21_1
0.2845353317411712,0.7154646682588285,21.0,21.0,52_21_1
0.2418049095898209,0.7581950904101792,21.0,21.0,52_21_2
0.2900016194424252,0.7099983805575748,21.0,21.0,61_21_0
0.2297075162277657,0.7702924837722341,21.0,21.0,61_21_3
0.30865319669993985,0.6913468033000602,21.0,21.0,62_21_5
0.2745886380212784,0.7254113619787215,21.0,21.0,65_21_5
0.2504248472482061,0.7495751527517936,21.0,21.0,70_21_0
0.2782841963056737,0.7217158036943261,21.0,21.0,70_21_3
0.25154327004062255,0.7484567299593775,21.0,21.0,78_21_5
0.2276551512309558,0.7723448487690442,21.0,21.0,79_21_4
0.25098828615296415,0.7490117138470358,21.0,21.0,80_21_1
0.2822583290265485,0.7177416709734515,21.0,11.0,18_11_1
0.2656288251988303,0.7343711748011695,21.0,11.0,20_11_0
0.23901225869414877,0.760987741305851,21.0,11.0,20_11_1
0.29362524136391477,0.7063747586360851,21.0,11.0,24_11_0
0.25739006377297435,0.7426099362270258,21.0,11.0,29_11_1
0.4127267180061737,0.5872732819938263,21.0,11.0,35_11_0
0.26617212791260547,0.7338278720873946,21.0,11.0,36_11_2
0.27509473209759416,0.7249052679024057,21.0,11.0,53_11_1
0.22096411163557655,0.7790358883644235,21.0,11.0,54_11_1
0.3115602781106755,0.6884397218893248,21.0,11.0,57_11_2
0.4324636557951288,0.5675363442048713,21.0,11.0,65_11_0
0.2445738690429762,0.7554261309570239,21.0,11.0,78_11_1
0.2589861075770405,0.7410138924229597,21.0,11.0,79_11_0
0.30601589134631535,0.6939841086536845,21.0,11.0,82_11_1
0.22307511741763467,0.7769248825823653,21.0,21.0,1_21_0
0.250107980252707,0.7498920197472932,21.0,21.0,1_21_3
0.25789398648119277,0.7421060135188075,21.0,21.0,5_21_0
0.4861157993602551,0.5138842006397449,11.0,21.0,7_21_0
0.2780852247681632,0.7219147752318369,21.0,21.0,11_21_0
0.2565131233061843,0.7434868766938155,21.0,21.0,11_21_3
0.24482486179911295,0.755175138200887,21.0,21.0,15_21_1
0.3625864378163762,0.6374135621836239,21.0,21.0,15_21_2
0.23883144968982234,0.7611685503101777,21.0,21.0,28_21_1
0.26057127431948934,0.7394287256805108,21.0,21.0,32_21_1
0.24070888864674747,0.7592911113532528,21.0,21.0,32_21_6
0.25803958350830425,0.7419604164916958,21.0,21.0,34_21_0
0.25144270534165775,0.7485572946583423,21.0,21.0,34_21_6
0.3888536735786402,0.6111463264213599,21.0,21.0,38_21_3
0.2793809653766266,0.7206190346233734,21.0,21.0,38_21_4
0.2434617640086398,0.7565382359913602,21.0,21.0,47_21_2
0.2820265878936603,0.7179734121063396,21.0,21.0,48_21_1
0.2555184041241597,0.7444815958758401,21.0,21.0,50_21_1
0.3075891130840016,0.6924108869159986,21.0,21.0,56_21_1
0.24892981575615622,0.7510701842438438,21.0,21.0,56_21_3
0.2851341775172463,0.7148658224827535,21.0,21.0,58_21_3
0.429046589296325,0.5709534107036751,21.0,21.0,61_21_1
0.259348445394768,0.740651554605232,21.0,21.0,63_21_3
0.24268971005677734,0.7573102899432226,21.0,21.0,64_21_2
0.23286279088908562,0.7671372091109144,21.0,21.0,65_21_0
0.25794792267460964,0.7420520773253905,21.0,21.0,66_21_1
0.252656936054309,0.7473430639456909,21.0,21.0,66_21_3
0.2597272246651102,0.74027277533489,21.0,21.0,66_21_5
0.2428216461170034,0.7571783538829967,21.0,21.0,69_21_4
0.36359409008735794,0.6364059099126421,21.0,21.0,70_21_1
0.28183759279687437,0.7181624072031256,21.0,21.0,81_21_1
0.3859676410866974,0.6140323589133025,21.0,11.0,7_11_1
0.23617025009955356,0.7638297499004465,21.0,11.0,17_11_0
0.2013888044080382,0.7986111955919618,21.0,11.0,28_11_0
0.2497826025525265,0.7502173974474737,21.0,11.0,32_11_1
0.18040557342241262,0.8195944265775873,21.0,11.0,44_11_1
0.23098731291849162,0.7690126870815084,21.0,11.0,45_11_1
0.27942431617574404,0.7205756838242561,21.0,11.0,56_11_0
0.21584996345572557,0.7841500365442743,21.0,11.0,56_11_1
0.4047891056691917,0.5952108943308082,21.0,11.0,61_11_3
0.23744778502348343,0.7625522149765166,21.0,11.0,73_11_0
0.2969512044316818,0.7030487955683179,21.0,11.0,75_11_1
0.15903672713342473,0.8409632728665755,21.0,21.0,4_21_5
0.3095275826060096,0.6904724173939903,21.0,21.0,7_21_2
0.24236296149692585,0.7576370385030742,21.0,21.0,8_21_4
0.22771073210987394,0.772289267890126,21.0,21.0,9_21_0
0.21566163829067775,0.7843383617093221,21.0,21.0,9_21_3
0.23550991816337186,0.7644900818366281,21.0,21.0,11_21_5
0.22477579985241902,0.7752242001475809,21.0,21.0,12_21_5
0.25362529049041993,0.74637470950958,21.0,21.0,13_21_0
0.24601872383172296,0.753981276168277,21.0,21.0,13_21_2
0.22303714079030132,0.7769628592096987,21.0,21.0,13_21_4
0.5895862517706003,0.4104137482293996,11.0,21.0,18_21_0
0.23831593865779335,0.7616840613422066,21.0,21.0,24_21_4
0.2359739954663964,0.7640260045336036,21.0,21.0,28_21_0
0.25385306800987634,0.7461469319901237,21.0,21.0,31_21_2
0.24734490488796743,0.7526550951120328,21.0,21.0,33_21_2
0.31207718360263,0.6879228163973697,21.0,21.0,35_21_3
0.23981631693254218,0.7601836830674578,21.0,21.0,37_21_2
0.24876277670650784,0.751237223293492,21.0,21.0,38_21_1
0.4371940672269284,0.5628059327730717,21.0,21.0,39_21_0
0.24645801213348228,0.7535419878665176,21.0,21.0,46_21_0
0.22777206206122633,0.7722279379387735,21.0,21.0,48_21_0
0.353080621502859,0.6469193784971408,21.0,21.0,50_21_0
0.593380773177374,0.406619226822626,11.0,21.0,50_21_2
0.28270629482094217,0.7172937051790579,21.0,21.0,51_21_1
0.2598609809468058,0.7401390190531941,21.0,21.0,51_21_2
0.31370988900161617,0.6862901109983837,21.0,21.0,56_21_4
0.24091775065914234,0.7590822493408579,21.0,21.0,65_21_2
0.21963636560118585,0.7803636343988141,21.0,21.0,65_21_4
0.24891359707839408,0.7510864029216061,21.0,21.0,66_21_4
0.24653924348853673,0.7534607565114634,21.0,21.0,69_21_0
0.24902451085178576,0.750975489148214,21.0,21.0,73_21_0
0.32333626028262086,0.6766637397173793,21.0,21.0,73_21_3
0.222926745803921,0.7770732541960791,21.0,21.0,79_21_1
0.27208606461279106,0.7279139353872089,21.0,21.0,79_21_3
